CatherineWilson,三宅 あすか,1VGtfZJ9,yosukesakamoto@example.org,1,1990-04-29 01:26:32
NicholasYoung,斉藤 洋介,2UvF8,unokumiko@example.net,1,1982-10-15 06:58:41
TimNewman,浜田 桃子,k1UHzI,zkijima@example.net,1,2008-12-20 07:23:13
CourtneyLang,山岸 春香,T1GQD,hkondo@example.com,1,1998-03-22 21:07:10
KellyLowe,石田 さゆり,qK7J7C7,naoki54@example.com,1,2014-08-20 06:08:17
LauraWeiss,吉本 直人,cM8Kh,yumikoito@example.com,1,1973-05-16 17:53:33
KarenSchmidt,宇野 充,8HiO,kana64@example.net,1,1991-05-13 19:23:01
LarryMoore,杉山 学,kXLfhgH8,manabu44@example.org,1,2003-01-04 21:08:04
MichelleCarpenter,井上 花子,ZACHhB8,tyoshimoto@example.org,1,2011-08-09 18:32:22
AmberDouglas,近藤 洋介,FwJuoh,wsakamoto@example.com,1,1971-06-24 00:47:25
ValerieWalker,近藤 千代,swaz,ryosuke19@example.com,1,2002-01-18 14:13:07
AlexanderKennedy,田辺 洋介,CLbcV,hishida@example.org,1,2012-12-19 16:14:53
AnthonyRodriguez,松本 加奈,Vq5apa,momokonakamura@example.com,1,2001-09-15 04:04:32
TiffanyWolfe,山本 さゆり,CFH1,naokonakajima@example.org,1,1989-04-12 22:37:09
MarieStevenson,鈴木 里佳,lJ2LGK,tnakajima@example.com,1,2009-08-26 03:24:36
ManuelBrown,原田 千代,xO81cI,takuma25@example.com,1,1989-09-26 23:19:18
TanyaAvery,大垣 香織,Y2Tu,gtanaka@example.net,1,1974-10-11 20:38:09
JasonLozano,廣川 明美,ihD85tE6,momokonakajima@example.org,1,1985-02-21 00:39:57
TeresaRobbins,中津川 健一,Vm8xq,rei94@example.org,1,1972-02-08 11:37:28
SusanBrady,若松 学,8bIQ,saitotsubasa@example.com,1,1982-10-29 23:53:01
RichardTorres,三宅 花子,V0W8Plvt,kana59@example.com,1,2014-12-31 14:27:47
EricaSanchez,青田 あすか,VXLUH,minoru71@example.org,1,2007-12-26 21:53:43
SethAllison,喜嶋 裕樹,InN7RP,rika90@example.com,1,2010-09-23 14:28:39
CassandraConley,杉山 篤司,y3t6K,yokotanabe@example.org,1,1979-11-18 06:29:21
MichaelHarris,若松 篤司,Tvubt,osamu44@example.net,1,1980-05-26 08:27:23
DavidKnox,小泉 千代,r4cv,taichi78@example.org,1,2012-05-31 07:58:45
MartinButler,高橋 健一,oieGOQ,yokonakamura@example.org,1,1990-01-10 01:24:40
WilliamPrice,桐山 幹,I8Z9EeXj,kumiko95@example.org,1,2002-06-14 08:48:17
MargaretDavis,中津川 直子,6yV7OA,takuma02@example.org,1,1991-09-11 07:14:01
RaymondAlvarez,藤本 陽子,lbyr4K,kumikoishida@example.com,1,2008-10-02 09:53:53
FrankJones,青田 太一,BDzy,hanakosuzuki@example.net,1,2010-05-16 05:07:10
PamelaDunlap,小泉 陽子,dFeAgp,ryoheiidaka@example.com,1,1975-06-09 20:17:27
LarryBrown,小林 和也,tULOp,miki62@example.com,1,1986-12-06 19:30:22
KathrynLopez,佐藤 香織,d1fwRaX,ryosuke70@example.com,1,1991-12-03 15:33:45
ScottGraham,高橋 知実,2VHMNZ,saitokumiko@example.org,1,1977-06-03 22:41:34
DouglasLittle,伊藤 翼,PIGoi0em,matsumotokenichi@example.com,1,2016-09-05 20:28:34
SavannahMcmahon,杉山 桃子,ZjCxc,yosukeekoda@example.net,1,1999-09-23 16:07:59
NicoleGriffin,高橋 裕太,mPqBCwqQ,miki88@example.net,1,2001-01-01 00:53:17
AngelicaJohnson,渚 学,PNevyOXd,jun33@example.org,1,1988-03-29 06:16:54
JamesFlores,桐山 翼,kKbWMFtY,ekodataichi@example.com,1,1996-07-29 07:24:52
JeremyGilmoreDDS,山口 稔,NRsDuNI,ykiriyama@example.org,1,1994-05-17 04:57:30
MasonBrown,原田 健一,AWur5eL,kobayashikana@example.org,1,1976-04-20 15:56:39
TonyaThomas,井高 洋介,Nt1s,yoichiharada@example.com,1,1976-06-10 03:31:54
JohnAguirre,中村 学,OvdnCHn,kudonaotohideki@example.com,1,2012-07-24 07:07:35
AshleyMurphy,杉山 康弘,s9z4nmM8,miyagawamomoko@example.net,1,1973-01-31 17:04:38
LisaCurtis,加藤 くみ子,RHo6t,nagisaasuka@example.org,1,1991-03-16 12:46:56
CarolCook,坂本 香織,72g6PK,kaori14@example.net,1,2010-11-10 18:26:23
JohnPennington,近藤 直樹,jZsHhZ,lkobayashi@example.org,1,1971-02-11 03:25:22
LaurieBlanchard,村山 香織,iLqoE2c,kumiko29@example.org,1,2007-05-04 15:11:28
TinaAllen,宮沢 花子,emfmJG,tsudamituru@example.com,1,2015-07-23 18:21:20
MichaelMunoz,喜嶋 春香,f4PGVch,akira49@example.org,1,2002-01-01 21:33:37
LeroyHansen,加納 あすか,G0xdYfio,jnishinosono@example.com,1,1990-06-08 01:18:31
AndrewBell,杉山 七夏,ot0g,nyoshimoto@example.org,1,1990-10-17 15:23:36
JessicaZavala,小泉 千代,cPJKu,kenichihamada@example.org,1,1985-01-28 14:31:12
DavidFisher,吉田 太一,eoG2yym,kanatanabe@example.org,1,2012-06-15 21:37:27
KarenHenry,笹田 翼,od8QhLe,vtanaka@example.net,1,2002-01-05 06:46:22
VickiJohnson,小泉 結衣,djQLI3x1,tomomi45@example.net,1,1970-08-21 16:47:03
DonaldMartinez,渡辺 聡太郎,TWrP,naoko07@example.net,1,1998-11-06 12:46:13
BonnieLane,青山 美加子,eHGzd,yamaguchiryosuke@example.org,1,1971-05-03 05:53:24
CliffordJones,三宅 零,BXEMdQ98,kenichi08@example.org,1,1999-02-02 11:47:15
AnthonySalas,井上 晃,SW6oBPnN,ogakiyui@example.net,1,2007-07-25 02:07:33
AaronLeach,藤本 七夏,vy21,haruka60@example.com,1,1994-03-14 04:39:22
RichardGonzalez,津田 亮介,51qB4Ha1,iuno@example.net,1,1978-07-08 04:13:04
AmyJackson,井上 里佳,Os86XM4,asasada@example.org,1,2011-02-21 18:42:08
LisaMartin,伊藤 あすか,YRk6g,murayamaryosuke@example.net,1,1972-09-08 22:27:31
PeterHarrison,渚 直子,6zNzSo,lsasada@example.com,1,1991-04-20 23:53:17
KimberlyMartin,若松 香織,V2rb,murayamanaoko@example.net,1,1971-10-01 08:07:15
Dr_MichaelSchneider,浜田 翼,zsRSl,yokonagisa@example.org,1,1988-07-19 23:16:45
TerrenceWallace,中島 里佳,WLyW,iidaka@example.net,1,1982-11-10 21:03:04
GrantGray,藤本 太郎,s6e1Bru2,haradamai@example.org,1,2015-05-08 22:42:57
ChristopherBryant,近藤 和也,N3Y8pOxN,yuisasaki@example.com,1,1988-01-12 09:09:36
BobJoseph,吉田 学,oWALGmh,satomomoko@example.com,1,1993-06-04 17:18:23
KeithBlack,西之園 太郎,gjsf,osamumurayama@example.org,1,2013-06-02 04:21:37
RebeccaHowell,山本 零,J2JZD3T,sasakiasuka@example.com,1,2016-04-19 04:08:44
BrandonMueller,井上 加奈,CRFcTe,jharada@example.com,1,1975-10-27 10:43:55
ChristianOdom,西之園 舞,yoYhOSS0,ryosukematsumoto@example.org,1,1973-01-22 08:21:02
AdamLeon,渡辺 くみ子,DmuqcC9G,sugiyamayuta@example.net,1,2003-11-20 10:54:29
FranciscoLindsey,桐山 翼,HnOc00G,nanakamiyagawa@example.net,1,1982-07-12 13:14:14
JoeMyers,青田 浩,LM6qCm,ktanabe@example.net,1,1985-04-27 23:39:37
TimothyGallagher,笹田 裕樹,XaaD7,fkimura@example.net,1,2003-01-13 15:05:06
GregoryHernandez,石田 裕美子,uKvRgk,manabusaito@example.com,1,2011-09-11 00:03:12
Mrs_MistyWallaceMD,西之園 晃,ffHiJi2,naotohideki95@example.org,1,2011-12-22 04:00:20
BiancaWilliams,小泉 さゆり,HStj,sugiyamahiroki@example.org,1,2005-12-10 16:42:41
GeraldJohnson,田辺 里佳,fyvJ3,tsubasa73@example.com,1,1999-05-19 21:47:04
AndrewCook,工藤 直子,9EiRslx,xuno@example.net,1,1985-02-17 23:10:42
JulieZuniga,三宅 亮介,AwOif,tsubasayoshida@example.org,1,1982-10-04 17:37:16
MadisonCraig,喜嶋 裕樹,U51UB,osamutakahashi@example.net,1,2007-03-03 19:04:22
MichaelBright,加納 香織,qCOFBJ,nanakanakajima@example.org,1,1978-03-08 05:26:55
LauraCisneros,津田 直子,8Bc80nb9,eekoda@example.org,1,2010-12-05 11:02:05
RebeccaHernandez,中津川 零,AhxZs5ph,momokomurayama@example.org,1,1989-10-29 07:07:48
GabriellaCarter,工藤 裕美子,m7ouL,bishida@example.net,1,1977-03-16 13:23:56
JulieJohnson,山岸 明美,uLbxOE2Y,nanaka10@example.net,1,1995-12-04 03:59:26
CarolineDorsey,廣川 くみ子,w6rui,atsushiaoyama@example.com,1,1972-08-05 13:21:16
DominiqueHart,吉本 直子,0JZd,hirokiyoshida@example.org,1,2015-03-21 23:12:36
PatrickHolden,井上 くみ子,SFc6,reiaota@example.org,1,2011-03-31 12:38:32
ChloeHowell,佐藤 舞,naX0gh,sotaro58@example.com,1,2012-02-13 12:37:56
JoshuaPatrick,喜嶋 陽一,t70oZ3,haruka01@example.net,1,2010-12-23 00:43:03
RobertGarcia,江古田 翔太,noTViOx,tomoyaito@example.net,1,1980-08-27 23:46:01
MargaretRussell,近藤 あすか,IIviw,duno@example.org,1,1996-08-07 02:28:08
AngelaParker,山口 和也,joZs,nomuraakemi@example.net,1,2006-07-13 20:16:51
